C:\Users\Zhihan\keras-retinanet\data\train_select\03bea0cd4ed50c878435c323dc017349.jpg,324,10,417,98,no_parking
C:\Users\Zhihan\keras-retinanet\data\train_select\0635e21931ed3da9ac91298a8f26f67f.jpg,485,410,734,657,turn_left
C:\Users\Zhihan\keras-retinanet\data\train_select\0635e21931ed3da9ac91298a8f26f67f.jpg,499,147,743,386,uturn
C:\Users\Zhihan\keras-retinanet\data\train_select\10.JPG,484,153,508,174,turn_left
C:\Users\Zhihan\keras-retinanet\data\train_select\10.JPG,564,236,594,260,turn_right
C:\Users\Zhihan\keras-retinanet\data\train_select\10020_24.53712840000043_117.9908056.jpg,557,208,590,237,bg
C:\Users\Zhihan\keras-retinanet\data\train_select\10202_24.431586704142727_118.10939784319527.jpg,550,251,614,308,turn_left
C:\Users\Zhihan\keras-retinanet\data\train_select\10202_24.4316381021286_118.10940832765958.jpg,415,327,433,345,turn_left
C:\Users\Zhihan\keras-retinanet\data\train_select\10281_24.43464334285753_118.10521574285715.jpg,180,353,202,376,bg
C:\Users\Zhihan\keras-retinanet\data\train_select\10281_24.43464334285753_118.10521574285715.jpg,180,377,201,398,bg
C:\Users\Zhihan\keras-retinanet\data\train_select\10281_24.43467514285757_118.10522825714285.jpg,155,308,211,364,bg
C:\Users\Zhihan\keras-retinanet\data\train_select\10281_24.43467514285757_118.10522825714285.jpg,159,364,208,420,bg
C:\Users\Zhihan\keras-retinanet\data\train_select\10317_24.524300909091373_118.01380599999999.jpg,642,153,686,190,turn_left
C:\Users\Zhihan\keras-retinanet\data\train_select\10321_24.523650643725674_118.01392179352227.jpg,234,339,295,398,bg
C:\Users\Zhihan\keras-retinanet\data\train_select\10321_24.523800707819735_118.01387511522636.jpg,563,225,597,256,bg
C:\Users\Zhihan\keras-retinanet\data\train_select\10341_24.43525912500033_118.12913487499999.jpg,218,322,240,352,uturn
C:\Users\Zhihan\keras-retinanet\data\train_select\10454_24.490868000001196_118.02118679999998.jpg,770,327,789,349,uturn
C:\Users\Zhihan\keras-retinanet\data\train_select\10490_24.534231500000004_118.02343550000002.jpg,60,316,90,345,no_parking
C:\Users\Zhihan\keras-retinanet\data\train_select\10535_24.439606682540088_118.0879484920635.jpg,762,350,788,376,turn_left
C:\Users\Zhihan\keras-retinanet\data\train_select\10660_24.44191707142936_118.08834204761905.jpg,594,352,616,374,turn_left
C:\Users\Zhihan\keras-retinanet\data\train_select\10660_24.441920666667407_118.08839784523809.jpg,680,321,727,369,turn_left
C:\Users\Zhihan\keras-retinanet\data\train_select\10660_24.441957725275277_118.0883665054945.jpg,755,352,787,384,turn_left
C:\Users\Zhihan\keras-retinanet\data\train_select\10693_24.4427025211646_118.08985889947088.jpg,887,324,916,352,no_parking
C:\Users\Zhihan\keras-retinanet\data\train_select\10718_24.44372221641875_118.1542615522388.jpg,838,346,865,371,turn_right
C:\Users\Zhihan\keras-retinanet\data\train_select\10734_24.490979833334148_118.02805249999999.jpg,183,320,234,369,turn_left
C:\Users\Zhihan\keras-retinanet\data\train_select\10758_24.583230031250714_118.02845859375.jpg,939,303,968,348,turn_right
C:\Users\Zhihan\keras-retinanet\data\train_select\10882_24.46137456521793_118.03007356521738.jpg,439,339,462,362,bg
C:\Users\Zhihan\keras-retinanet\data\train_select\10919_24.449945068477575_118.07956737544272.jpg,539,272,558,289,turn_left
C:\Users\Zhihan\keras-retinanet\data\train_select\10919_24.44998173761786_118.07948304953145.jpg,548,204,582,233,turn_left
C:\Users\Zhihan\keras-retinanet\data\train_select\10957_24.451101111111374_118.11896081111111.jpg,27,386,73,434,uturn
C:\Users\Zhihan\keras-retinanet\data\train_select\10966_24.464496634146712_118.03135212195122.jpg,412,301,454,343,no_parking
C:\Users\Zhihan\keras-retinanet\data\train_select\10966_24.464496634146712_118.03135212195122.jpg,193,329,222,365,bg
C:\Users\Zhihan\keras-retinanet\data\train_select\10971_24.44193920647775_118.08845601619431.jpg,984,307,1011,352,turn_left
C:\Users\Zhihan\keras-retinanet\data\train_select\10979_24.450749959834702_118.07513405540168.jpg,869,301,891,324,turn_right
C:\Users\Zhihan\keras-retinanet\data\train_select\10979_24.4510770731165_118.0750088008999.jpg,616,225,644,254,turn_right
C:\Users\Zhihan\keras-retinanet\data\train_select\11.JPG,399,124,447,163,turn_left
C:\Users\Zhihan\keras-retinanet\data\train_select\11.JPG,581,279,657,332,turn_right
C:\Users\Zhihan\keras-retinanet\data\train_select\11150_24.455005101429236_118.08198047428571.jpg,956,310,984,337,turn_left
C:\Users\Zhihan\keras-retinanet\data\train_select\11150_24.455079736319043_118.08204797885573.jpg,811,325,831,345,turn_left
C:\Users\Zhihan\keras-retinanet\data\train_select\11157_24.581821259259616_118.03378040740739.jpg,634,273,652,291,bg
C:\Users\Zhihan\keras-retinanet\data\train_select\11157_24.581821259259616_118.03378040740739.jpg,634,292,654,312,bg
C:\Users\Zhihan\keras-retinanet\data\train_select\11157_24.581880040000858_118.03380116.jpg,765,194,806,228,bg
C:\Users\Zhihan\keras-retinanet\data\train_select\11157_24.581880040000858_118.03380116.jpg,767,228,805,264,bg
C:\Users\Zhihan\keras-retinanet\data\train_select\11184_24.499174826698418_118.03426818735363.jpg,795,332,836,377,turn_right
C:\Users\Zhihan\keras-retinanet\data\train_select\11191_24.45539191509502_118.07658393396227.jpg,710,322,732,345,turn_left
C:\Users\Zhihan\keras-retinanet\data\train_select\11191_24.45539191509502_118.07658393396227.jpg,441,183,481,217,bg
C:\Users\Zhihan\keras-retinanet\data\train_select\11191_24.455406916667062_118.07662765384616.jpg,730,256,781,303,turn_left
C:\Users\Zhihan\keras-retinanet\data\train_select\11194_24.45536327769843_118.07694681582734.jpg,679,140,726,176,turn_left
C:\Users\Zhihan\keras-retinanet\data\train_select\11304_24.560130940000537_118.03555715.jpg,766,338,806,382,no_parking
C:\Users\Zhihan\keras-retinanet\data\train_select\11370_24.567359193104046_118.03662578620688.jpg,268,42,313,93,bg
C:\Users\Zhihan\keras-retinanet\data\train_select\11433_24.457188278690154_118.08775565573771.jpg,724,326,750,354,turn_left
C:\Users\Zhihan\keras-retinanet\data\train_select\11433_24.457188278690154_118.08775565573771.jpg,725,356,749,383,bg
C:\Users\Zhihan\keras-retinanet\data\train_select\11645_24.4553638358937_118.07688732255448.jpg,661,153,703,185,turn_left
C:\Users\Zhihan\keras-retinanet\data\train_select\11659_24.459094329269007_118.06768709451221.jpg,120,341,140,368,turn_left
C:\Users\Zhihan\keras-retinanet\data\train_select\11773_24.45966697674471_118.0773881860465.jpg,825,351,858,383,turn_left
C:\Users\Zhihan\keras-retinanet\data\train_select\11946_24.4624564117651_118.07167319999999.jpg,457,318,481,349,no_parking
C:\Users\Zhihan\keras-retinanet\data\train_select\11994_24.46261350000053_118.08366939610391.jpg,862,313,899,351,turn_left
C:\Users\Zhihan\keras-retinanet\data\train_select\11994_24.46261350000053_118.08366939610391.jpg,863,354,898,390,bg_red_stop
C:\Users\Zhihan\keras-retinanet\data\train_select\11994_24.46271952032565_118.08362813008131.jpg,715,337,741,363,turn_left
C:\Users\Zhihan\keras-retinanet\data\train_select\11994_24.46271952032565_118.08362813008131.jpg,716,364,740,388,bg_red_stop
C:\Users\Zhihan\keras-retinanet\data\train_select\119c73585499b8a402ed2f12ec0f5e58.jpg,282,81,368,177,no_parking
C:\Users\Zhihan\keras-retinanet\data\train_select\12.JPG,450,138,474,161,turn_left
C:\Users\Zhihan\keras-retinanet\data\train_select\12.JPG,450,176,474,201,bg
C:\Users\Zhihan\keras-retinanet\data\train_select\12040_24.462544143885648_118.10570405755395.jpg,622,348,645,372,turn_left
C:\Users\Zhihan\keras-retinanet\data\train_select\12040_24.462577978102818_118.10566799270072.jpg,875,322,901,369,turn_left
C:\Users\Zhihan\keras-retinanet\data\train_select\12090_24.4636073278699_118.07715606557377.jpg,762,328,789,357,turn_left
C:\Users\Zhihan\keras-retinanet\data\train_select\12090_24.4636073278699_118.07715606557377.jpg,761,358,789,385,bg_red_stop
C:\Users\Zhihan\keras-retinanet\data\train_select\12095_24.463227612903857_118.08089567741936.jpg,727,334,775,396,turn_right
C:\Users\Zhihan\keras-retinanet\data\train_select\12110_24.463455058823865_118.08308488235295.jpg,122,316,160,369,turn_right
C:\Users\Zhihan\keras-retinanet\data\train_select\12202_24.46429863114828_118.17382824590166.jpg,744,311,782,348,no_parking
C:\Users\Zhihan\keras-retinanet\data\train_select\12202_24.46429863114828_118.17382824590166.jpg,744,348,782,384,bg
C:\Users\Zhihan\keras-retinanet\data\train_select\12230_24.45907127941205_118.06767461887252.jpg,163,331,181,355,turn_left
C:\Users\Zhihan\keras-retinanet\data\train_select\12587_24.457539676471356_118.07290697794119.jpg,921,290,973,364,turn_right
C:\Users\Zhihan\keras-retinanet\data\train_select\12587_24.457539676471356_118.07290697794119.jpg,804,323,848,367,bg_red_stop
C:\Users\Zhihan\keras-retinanet\data\train_select\12692_24.461754205128788_118.07385728205129.jpg,686,320,715,353,turn_left
C:\Users\Zhihan\keras-retinanet\data\train_select\12937_24.47035693421172_118.08384143421053.jpg,641,272,687,318,turn_left
C:\Users\Zhihan\keras-retinanet\data\train_select\12937_24.47035693421172_118.08384143421053.jpg,641,322,687,371,bg_red_stop
C:\Users\Zhihan\keras-retinanet\data\train_select\13.JPG,433,177,454,196,turn_left
C:\Users\Zhihan\keras-retinanet\data\train_select\13.JPG,433,210,456,232,bg
C:\Users\Zhihan\keras-retinanet\data\train_select\13023_24.456932005507383_118.07621473237886.jpg,651,175,683,201,turn_right
C:\Users\Zhihan\keras-retinanet\data\train_select\13033_24.458891284553513_118.07647985365853.jpg,871,328,897,355,turn_right
C:\Users\Zhihan\keras-retinanet\data\train_select\13033_24.458891284553513_118.07647985365853.jpg,873,356,896,380,bg_red_stop
C:\Users\Zhihan\keras-retinanet\data\train_select\13048_24.45608408126777_118.07639292148761.jpg,415,346,440,380,no_parking
C:\Users\Zhihan\keras-retinanet\data\train_select\13061_24.480272543353415_118.0763225433526.jpg,732,300,768,350,turn_left
C:\Users\Zhihan\keras-retinanet\data\train_select\13061_24.480272543353415_118.0763225433526.jpg,733,253,767,299,bg_red_stop
C:\Users\Zhihan\keras-retinanet\data\train_select\13068_24.478659408602763_118.07650664516129.jpg,651,353,672,375,no_parking
C:\Users\Zhihan\keras-retinanet\data\train_select\13068_24.478659408602763_118.07650664516129.jpg,651,331,672,352,bg
C:\Users\Zhihan\keras-retinanet\data\train_select\13086_24.45535303703789_118.0765351111111.jpg,604,334,625,354,turn_left
C:\Users\Zhihan\keras-retinanet\data\train_select\13086_24.45535303703789_118.0765351111111.jpg,348,246,372,271,bg
C:\Users\Zhihan\keras-retinanet\data\train_select\13086_24.45535303703789_118.0765351111111.jpg,717,284,780,346,bg
C:\Users\Zhihan\keras-retinanet\data\train_select\13086_24.45540404132272_118.07662252066116.jpg,730,256,780,303,turn_left
C:\Users\Zhihan\keras-retinanet\data\train_select\13088_24.45547337444957_118.07673768722468.jpg,623,244,645,265,bg
C:\Users\Zhihan\keras-retinanet\data\train_select\13247_24.47303682674832_118.09235855167172.jpg,448,318,465,334,turn_left
C:\Users\Zhihan\keras-retinanet\data\train_select\13247_24.473207224283797_118.0928052158516.jpg,670,310,703,341,turn_left
C:\Users\Zhihan\keras-retinanet\data\train_select\13247_24.473238794918814_118.0929203212341.jpg,595,338,612,355,turn_left
C:\Users\Zhihan\keras-retinanet\data\train_select\13271_24.473298898907807_118.10137450546448.jpg,741,337,794,391,turn_left
C:\Users\Zhihan\keras-retinanet\data\train_select\13271_24.47334811009252_118.10135694495413.jpg,612,361,630,385,turn_left
C:\Users\Zhihan\keras-retinanet\data\train_select\13308_24.456452500000342_118.07852508333335.jpg,288,318,331,375,no_parking
C:\Users\Zhihan\keras-retinanet\data\train_select\13308_24.456452500000342_118.07852508333335.jpg,293,259,331,316,bg
C:\Users\Zhihan\keras-retinanet\data\train_select\13336_24.47327874742922_118.11573914514287.jpg,463,345,488,370,uturn
C:\Users\Zhihan\keras-retinanet\data\train_select\13336_24.47331149794295_118.11577461522634.jpg,328,272,390,341,uturn
C:\Users\Zhihan\keras-retinanet\data\train_select\13336_24.47337169781618_118.11584170631069.jpg,745,280,792,336,uturn
C:\Users\Zhihan\keras-retinanet\data\train_select\13457_24.449974396476044_118.07938137004405.jpg,86,303,135,347,no_parking
C:\Users\Zhihan\keras-retinanet\data\train_select\13457_24.449974396476044_118.07938137004405.jpg,86,258,133,299,bg
C:\Users\Zhihan\keras-retinanet\data\train_select\13466_24.474053503546777_118.1077685602837.jpg,639,345,663,370,uturn
C:\Users\Zhihan\keras-retinanet\data\train_select\13466_24.47406982530183_118.10781566265058.jpg,759,280,824,344,uturn
C:\Users\Zhihan\keras-retinanet\data\train_select\13708_24.47547040454617_118.08690149545455.jpg,721,318,759,357,turn_left
C:\Users\Zhihan\keras-retinanet\data\train_select\13796_24.47587610116822_118.16598691828796.jpg,832,322,852,346,turn_left
C:\Users\Zhihan\keras-retinanet\data\train_select\13796_24.47587610116822_118.16598691828796.jpg,730,243,761,279,bg
C:\Users\Zhihan\keras-retinanet\data\train_select\13796_24.47587610116822_118.16598691828796.jpg,763,251,792,283,bg
C:\Users\Zhihan\keras-retinanet\data\train_select\13863_24.47710065714312_118.07687815714286.jpg,388,330,420,363,turn_left
C:\Users\Zhihan\keras-retinanet\data\train_select\13863_24.47716294545497_118.07687812727272.jpg,445,345,464,365,turn_left
C:\Users\Zhihan\keras-retinanet\data\train_select\13863_24.47723788888961_118.07688462962963.jpg,493,356,509,371,turn_left
C:\Users\Zhihan\keras-retinanet\data\train_select\13863_24.47728367742003_118.0768466451613.jpg,774,333,805,371,turn_left
C:\Users\Zhihan\keras-retinanet\data\train_select\13863_24.47728367742003_118.0768466451613.jpg,525,365,536,376,turn_left
C:\Users\Zhihan\keras-retinanet\data\train_select\13863_24.47728367742003_118.0768466451613.jpg,775,297,804,332,bg_red_stop
C:\Users\Zhihan\keras-retinanet\data\train_select\13863_24.477650071429494_118.07684307142857.jpg,72,444,113,488,bg
C:\Users\Zhihan\keras-retinanet\data\train_select\13948_24.4776712941181_118.10972278571427.jpg,393,324,428,361,turn_right
C:\Users\Zhihan\keras-retinanet\data\train_select\13960_24.47726044578387_118.18640524096386.jpg,611,350,621,360,turn_left
C:\Users\Zhihan\keras-retinanet\data\train_select\13960_24.4774149693887_118.18644492857143.jpg,798,291,821,318,turn_left
C:\Users\Zhihan\keras-retinanet\data\train_select\14.JPG,702,182,741,210,turn_left
C:\Users\Zhihan\keras-retinanet\data\train_select\14.JPG,709,227,752,257,bg
C:\Users\Zhihan\keras-retinanet\data\train_select\14053_24.478026428571955_118.08052685714286.jpg,647,326,685,364,turn_right
C:\Users\Zhihan\keras-retinanet\data\train_select\14074_24.478143250000556_118.0817325.jpg,739,261,801,329,turn_right
C:\Users\Zhihan\keras-retinanet\data\train_select\14164_24.576857233010223_118.08578937864077.jpg,916,298,944,326,bg
C:\Users\Zhihan\keras-retinanet\data\train_select\14164_24.576857233010223_118.08578937864077.jpg,915,328,943,356,bg
C:\Users\Zhihan\keras-retinanet\data\train_select\14178_24.47892876000044_118.07533684.jpg,309,342,360,398,turn_left
C:\Users\Zhihan\keras-retinanet\data\train_select\14178_24.47892876000044_118.07533684.jpg,311,290,360,339,bg_red_stop
C:\Users\Zhihan\keras-retinanet\data\train_select\14214_24.47168089281715_118.08629471379703.jpg,668,298,695,323,bg
C:\Users\Zhihan\keras-retinanet\data\train_select\14273_24.480528000000554_118.08642449999999.jpg,848,373,901,429,turn_right
C:\Users\Zhihan\keras-retinanet\data\train_select\14351_24.473335055442647_118.1157762029922.jpg,349,270,404,331,uturn
C:\Users\Zhihan\keras-retinanet\data\train_select\14351_24.473421321128345_118.11582387909989.jpg,720,278,761,327,uturn
C:\Users\Zhihan\keras-retinanet\data\train_select\14456_24.48008652478198_118.10502285422741.jpg,849,334,879,378,uturn
C:\Users\Zhihan\keras-retinanet\data\train_select\14456_24.4801215970595_118.1051424617647.jpg,661,349,682,370,uturn
C:\Users\Zhihan\keras-retinanet\data\train_select\14464_24.47986160424108_118.10422555830388.jpg,693,351,730,388,uturn
C:\Users\Zhihan\keras-retinanet\data\train_select\14590_24.48051312500101_118.08628837500001.jpg,659,379,686,406,turn_right
C:\Users\Zhihan\keras-retinanet\data\train_select\14590_24.48051312500101_118.08628837500001.jpg,161,236,187,275,bg
C:\Users\Zhihan\keras-retinanet\data\train_select\14590_24.48051312500101_118.08628837500001.jpg,162,190,189,227,bg
C:\Users\Zhihan\keras-retinanet\data\train_select\14590_24.480522166666987_118.08639266666667.jpg,848,373,901,429,turn_right
C:\Users\Zhihan\keras-retinanet\data\train_select\14857_24.45850466666826_118.08898699999999.jpg,322,359,354,394,bg
C:\Users\Zhihan\keras-retinanet\data\train_select\15.JPG,93,175,137,204,turn_left
C:\Users\Zhihan\keras-retinanet\data\train_select\15.JPG,78,222,127,255,bg
C:\Users\Zhihan\keras-retinanet\data\train_select\15142_24.484159069768253_118.09098533720929.jpg,554,362,574,383,bg
C:\Users\Zhihan\keras-retinanet\data\train_select\15247_24.48451379347847_118.08774473913044.jpg,470,295,521,347,turn_left
C:\Users\Zhihan\keras-retinanet\data\train_select\15247_24.484536245901875_118.08770385245903.jpg,602,319,635,351,turn_left
C:\Users\Zhihan\keras-retinanet\data\train_select\15296_24.484024742574558_118.07146447029703.jpg,836,333,854,352,turn_right
C:\Users\Zhihan\keras-retinanet\data\train_select\15296_24.484024742574558_118.07146447029703.jpg,836,354,854,371,bg_red_stop
C:\Users\Zhihan\keras-retinanet\data\train_select\15296_24.48410861250088_118.071472575.jpg,659,223,716,276,turn_right
C:\Users\Zhihan\keras-retinanet\data\train_select\15296_24.48410861250088_118.071472575.jpg,659,282,713,336,bg_red_stop
C:\Users\Zhihan\keras-retinanet\data\train_select\15296_24.48440743010871_118.0714096344086.jpg,427,370,444,388,turn_left
C:\Users\Zhihan\keras-retinanet\data\train_select\15296_24.48440743010871_118.0714096344086.jpg,428,389,445,406,bg
C:\Users\Zhihan\keras-retinanet\data\train_select\15296_24.4844213698648_118.07135727397261.jpg,497,358,527,392,turn_left
C:\Users\Zhihan\keras-retinanet\data\train_select\15296_24.4844213698648_118.07135727397261.jpg,497,393,528,426,bg
C:\Users\Zhihan\keras-retinanet\data\train_select\15316_24.48516719318277_118.09530476136362.jpg,684,296,721,336,turn_left
C:\Users\Zhihan\keras-retinanet\data\train_select\15316_24.48516719318277_118.09530476136362.jpg,686,338,720,372,bg_red_stop
C:\Users\Zhihan\keras-retinanet\data\train_select\15316_24.485357140628178_118.09526560937499.jpg,195,326,221,357,turn_left
C:\Users\Zhihan\keras-retinanet\data\train_select\15316_24.485357140628178_118.09526560937499.jpg,292,365,315,389,no_parking
C:\Users\Zhihan\keras-retinanet\data\train_select\15316_24.485357140628178_118.09526560937499.jpg,291,336,315,359,bg
C:\Users\Zhihan\keras-retinanet\data\train_select\15341_24.4849300830677_118.0956194600639.jpg,247,284,274,340,turn_right
C:\Users\Zhihan\keras-retinanet\data\train_select\15341_24.4849300830677_118.0956194600639.jpg,700,324,733,356,turn_right
C:\Users\Zhihan\keras-retinanet\data\train_select\15434_24.508242078014526_118.09231104255319.jpg,56,317,93,382,bg
C:\Users\Zhihan\keras-retinanet\data\train_select\15520_24.571560962406874_118.093430462406.jpg,879,201,935,258,bg
C:\Users\Zhihan\keras-retinanet\data\train_select\15520_24.571560962406874_118.093430462406.jpg,881,260,936,323,bg
C:\Users\Zhihan\keras-retinanet\data\train_select\15544_24.490720433962885_118.09347663207548.jpg,700,318,731,349,bg
C:\Users\Zhihan\keras-retinanet\data\train_select\15697_24.487442758065363_118.09455425806452.jpg,326,329,348,357,turn_right
C:\Users\Zhihan\keras-retinanet\data\train_select\15697_24.4877519342111_118.09445552631578.jpg,631,316,650,346,turn_left
C:\Users\Zhihan\keras-retinanet\data\train_select\15761_24.493954666666756_118.0949685.jpg,318,389,344,416,turn_right
C:\Users\Zhihan\keras-retinanet\data\train_select\15761_24.494010000000006_118.09497.jpg,692,372,730,412,turn_right
C:\Users\Zhihan\keras-retinanet\data\train_select\15847_24.4873108382358_118.11022374264705.jpg,756,33,820,80,turn_left
C:\Users\Zhihan\keras-retinanet\data\train_select\15864_24.484920573171262_118.09578084146341.jpg,633,329,668,362,turn_right
C:\Users\Zhihan\keras-retinanet\data\train_select\15895_24.48762788888941_118.0986238888889.jpg,31,326,57,356,turn_right
C:\Users\Zhihan\keras-retinanet\data\train_select\15a37e5402391529c417e2174d694155.jpg,203,55,294,147,uturn
C:\Users\Zhihan\keras-retinanet\data\train_select\16028_24.48759459231796_118.18323933085502.jpg,81,292,110,336,turn_left
C:\Users\Zhihan\keras-retinanet\data\train_select\16068_24.57522433333375_118.09672933333336.jpg,788,297,827,343,turn_right
C:\Users\Zhihan\keras-retinanet\data\train_select\16073_24.48744942662292_118.09451682935153.jpg,263,354,292,390,turn_right
C:\Users\Zhihan\keras-retinanet\data\train_select\16073_24.48773545991737_118.09443881434599.jpg,670,334,695,376,turn_left
C:\Users\Zhihan\keras-retinanet\data\train_select\16079_24.4884448884217_118.09693671789474.jpg,806,231,865,306,turn_right
C:\Users\Zhihan\keras-retinanet\data\train_select\16079_24.4884448884217_118.09693671789474.jpg,806,307,870,387,no_parking
C:\Users\Zhihan\keras-retinanet\data\train_select\16172_24.487095057357834_118.0974213765586.jpg,813,332,832,356,turn_left
C:\Users\Zhihan\keras-retinanet\data\train_select\16172_24.487095057357834_118.0974213765586.jpg,268,357,287,382,bg
C:\Users\Zhihan\keras-retinanet\data\train_select\16172_24.487662574879938_118.09722403220613.jpg,304,323,325,355,turn_right
C:\Users\Zhihan\keras-retinanet\data\train_select\16173_24.48704599056616_118.09740831132075.jpg,886,299,911,340,turn_left
C:\Users\Zhihan\keras-retinanet\data\train_select\16173_24.487067567567728_118.09740537837838.jpg,257,332,275,356,turn_left
C:\Users\Zhihan\keras-retinanet\data\train_select\16362_24.48760990000034_118.0985859.jpg,31,326,57,356,turn_right
C:\Users\Zhihan\keras-retinanet\data\train_select\16378_24.505236145503577_118.09879418253969.jpg,769,345,789,368,turn_left
C:\Users\Zhihan\keras-retinanet\data\train_select\16591_24.516215053764093_118.10053077419356.jpg,612,315,643,346,bg
C:\Users\Zhihan\keras-retinanet\data\train_select\16665_24.50411005908142_118.10099099343545.jpg,614,327,639,353,bg
C:\Users\Zhihan\keras-retinanet\data\train_select\16727_24.57004452941196_118.10129288235295.jpg,977,353,1003,379,bg
C:\Users\Zhihan\keras-retinanet\data\train_select\17.JPG,180,157,226,205,turn_left
C:\Users\Zhihan\keras-retinanet\data\train_select\17078_24.511290848624814_118.10365785474006.jpg,975,343,997,366,bg
C:\Users\Zhihan\keras-retinanet\data\train_select\17326_24.43272728571555_118.10527931746032.jpg,615,306,638,330,bg
C:\Users\Zhihan\keras-retinanet\data\train_select\17374_24.490876336471473_118.1057626517647.jpg,770,322,796,349,bg
C:\Users\Zhihan\keras-retinanet\data\train_select\17387_24.492559391249046_118.11166680694983.jpg,697,216,721,237,turn_left
C:\Users\Zhihan\keras-retinanet\data\train_select\17387_24.51892934346599_118.1056741094225.jpg,594,355,612,373,bg_red_stop
C:\Users\Zhihan\keras-retinanet\data\train_select\17389_24.518996306991504_118.10567462917933.jpg,848,315,896,376,bg_red_stop
C:\Users\Zhihan\keras-retinanet\data\train_select\17939_24.470823914286168_118.10962293333333.jpg,283,320,311,350,bg
C:\Users\Zhihan\keras-retinanet\data\train_select\18.JPG,809,104,895,183,turn_left
C:\Users\Zhihan\keras-retinanet\data\train_select\18039_24.485183517085115_118.11103466059224.jpg,666,293,711,339,bg
C:\Users\Zhihan\keras-retinanet\data\train_select\183fdc349e5c809e730115fe90918e13.jpg,245,39,314,114,uturn
C:\Users\Zhihan\keras-retinanet\data\train_select\18645_24.511746680328443_118.11754674863387.jpg,655,352,677,373,turn_right
C:\Users\Zhihan\keras-retinanet\data\train_select\18645_24.511750904348474_118.11745421449274.jpg,825,329,862,372,turn_right
C:\Users\Zhihan\keras-retinanet\data\train_select\18649_24.511792611276608_118.11756189020772.jpg,655,349,677,373,turn_right
C:\Users\Zhihan\keras-retinanet\data\train_select\18705_24.50904243386306_118.11781051851851.jpg,745,246,775,275,turn_left
C:\Users\Zhihan\keras-retinanet\data\train_select\18776_24.514592509804675_118.11823913725492.jpg,687,343,716,372,turn_right
C:\Users\Zhihan\keras-retinanet\data\train_select\19512_24.50495595512878_118.09537339743592.jpg,229,324,255,350,turn_left
C:\Users\Zhihan\keras-retinanet\data\train_select\19906_24.496953_118.132698.jpg,668,243,705,279,turn_right
C:\Users\Zhihan\keras-retinanet\data\train_select\1c28d57b285de7906f06af4e38fb5e0f.jpg,287,15,444,150,turn_left
C:\Users\Zhihan\keras-retinanet\data\train_select\1d2fd49f29ae1dc3119fd7da003f2833.jpg,380,16,444,78,turn_left
C:\Users\Zhihan\keras-retinanet\data\train_select\1f112afbbbb701adf189249b0b08318e.jpg,1,1,1081,659,turn_left
C:\Users\Zhihan\keras-retinanet\data\train_select\1f112afbbbb701adf189249b0b08318e.jpg,433,107,599,262,turn_left
C:\Users\Zhihan\keras-retinanet\data\train_select\1f112afbbbb701adf189249b0b08318e.jpg,453,278,584,408,uturn
C:\Users\Zhihan\keras-retinanet\data\train_select\20.JPG,544,141,588,180,turn_left
C:\Users\Zhihan\keras-retinanet\data\train_select\20624464b223d7f9e1fa798fe1b29d5b.jpg,284,67,327,114,uturn
C:\Users\Zhihan\keras-retinanet\data\train_select\20836_24.51191141269884_118.14449972222222.jpg,474,291,489,305,turn_left
C:\Users\Zhihan\keras-retinanet\data\train_select\20958_24.45743737007925_118.14636992913387.jpg,715,223,750,261,bg
C:\Users\Zhihan\keras-retinanet\data\train_select\20958_24.45743737007925_118.14636992913387.jpg,713,262,748,303,bg
C:\Users\Zhihan\keras-retinanet\data\train_select\20958_24.45743737007925_118.14636992913387.jpg,712,304,748,346,bg
C:\Users\Zhihan\keras-retinanet\data\train_select\21.JPG,761,113,826,162,turn_left
C:\Users\Zhihan\keras-retinanet\data\train_select\21203_24.45051290625072_118.149114921875.jpg,716,306,759,349,bg
C:\Users\Zhihan\keras-retinanet\data\train_select\22.JPG,470,121,514,161,turn_left
C:\Users\Zhihan\keras-retinanet\data\train_select\22806_24.471738532395104_118.16579604788733.jpg,639,355,658,376,turn_right
C:\Users\Zhihan\keras-retinanet\data\train_select\23.JPG,348,170,366,188,turn_left
C:\Users\Zhihan\keras-retinanet\data\train_select\23083_24.474709108108897_118.16926415970516.jpg,644,139,694,175,uturn
C:\Users\Zhihan\keras-retinanet\data\train_select\23533_24.492394793104072_118.17322506896552.jpg,331,336,351,359,bg
C:\Users\Zhihan\keras-retinanet\data\train_select\24.4499933045_118.079555352.JPG,544,211,575,236,turn_left
C:\Users\Zhihan\keras-retinanet\data\train_select\24.JPG,650,175,678,198,turn_left
C:\Users\Zhihan\keras-retinanet\data\train_select\24030_24.462225578125402_118.17764228125.jpg,852,215,895,262,bg
C:\Users\Zhihan\keras-retinanet\data\train_select\25409_24.477431093750752_118.18809909375.jpg,937,291,997,356,turn_right
C:\Users\Zhihan\keras-retinanet\data\train_select\25409_24.47767380769316_118.1881778076923.jpg,618,360,633,375,turn_right
C:\Users\Zhihan\keras-retinanet\data\train_select\25432_24.50009141610836_118.18802398881432.jpg,679,347,702,370,no_parking
C:\Users\Zhihan\keras-retinanet\data\train_select\25432_24.50009141610836_118.18802398881432.jpg,679,323,702,345,bg
C:\Users\Zhihan\keras-retinanet\data\train_select\25928_24.493405609271896_118.19233065562914.jpg,720,277,747,305,bg
C:\Users\Zhihan\keras-retinanet\data\train_select\26698_24.595894159091443_118.24565477272726.jpg,784,354,799,377,bg_blue_arrow
C:\Users\Zhihan\keras-retinanet\data\train_select\26804_24.60709625000095_118.25142775.jpg,857,345,873,362,turn_left
C:\Users\Zhihan\keras-retinanet\data\train_select\26a87339cb6e3467cb1e16f49ac8332d.jpg,441,70,499,123,no_parking
C:\Users\Zhihan\keras-retinanet\data\train_select\2ba0efc587c5d6cd7d260a2df0879533.jpg,205,167,304,267,turn_right
C:\Users\Zhihan\keras-retinanet\data\train_select\2ba0efc587c5d6cd7d260a2df0879533.jpg,203,267,305,368,bg
C:\Users\Zhihan\keras-retinanet\data\train_select\2bc0dc046710b93f7835ed356f1add67.jpg,493,215,618,341,turn_right
C:\Users\Zhihan\keras-retinanet\data\train_select\2e984258b9477280446ef15acda45e38.jpg,185,39,388,250,turn_left
C:\Users\Zhihan\keras-retinanet\data\train_select\2ef51aad4c003c9825793c940bcdd3de.jpg,305,23,370,92,uturn
C:\Users\Zhihan\keras-retinanet\data\train_select\3.JPG,637,177,783,303,turn_left
C:\Users\Zhihan\keras-retinanet\data\train_select\32d1eee742db74fbba2a995f6d997ffd.jpg,365,160,449,241,uturn
C:\Users\Zhihan\keras-retinanet\data\train_select\3577e8cf0410d689280a53179cc024d1.jpg,227,52,525,348,no_parking
C:\Users\Zhihan\keras-retinanet\data\train_select\3655bed7375aae0ffed086567e263bdc.jpg,83,25,188,129,uturn
C:\Users\Zhihan\keras-retinanet\data\train_select\3ed832438ea843bb2401ddbda856c4bc.jpg,275,85,317,127,uturn
C:\Users\Zhihan\keras-retinanet\data\train_select\41b0df61688cca8d3dfe264dfb03a12b.jpg,120,171,240,289,no_parking
C:\Users\Zhihan\keras-retinanet\data\train_select\4308b1b13e416984e6e00a8f69fc3d15.jpg,209,151,303,241,no_parking
C:\Users\Zhihan\keras-retinanet\data\train_select\4570e989e94259f3153ec963d57c6ddc.jpg,149,5,215,76,turn_left
C:\Users\Zhihan\keras-retinanet\data\train_select\45da69a438229a35ca5479ba04d6b661.jpg,250,55,409,208,uturn
C:\Users\Zhihan\keras-retinanet\data\train_select\47430204897e8f3f5e331b9c446c689e.jpg,100,290,206,395,uturn
C:\Users\Zhihan\keras-retinanet\data\train_select\4b030168a7aaf1a34acb250865e3e435.jpg,145,129,186,169,uturn
C:\Users\Zhihan\keras-retinanet\data\train_select\4b030168a7aaf1a34acb250865e3e435.jpg,256,161,281,186,bg
C:\Users\Zhihan\keras-retinanet\data\train_select\4fee5f4cbf7abd530f7419d9ac784f40.jpg,269,114,316,163,turn_right
C:\Users\Zhihan\keras-retinanet\data\train_select\5.JPG,413,177,447,211,turn_right
C:\Users\Zhihan\keras-retinanet\data\train_select\50bd8020255bc7024811461560ce2c3b.jpg,324,82,370,129,turn_right
C:\Users\Zhihan\keras-retinanet\data\train_select\50bd8020255bc7024811461560ce2c3b.jpg,422,97,451,126,bg
C:\Users\Zhihan\keras-retinanet\data\train_select\50ee321ed7a96ced0e5d90042bffc2d6.jpeg,626,56,807,225,no_parking
C:\Users\Zhihan\keras-retinanet\data\train_select\530f62b1dc16ba7a6afe83aabd43442c.jpg,121,37,201,118,uturn
C:\Users\Zhihan\keras-retinanet\data\train_select\55a8922d159959e1daaef6514f3742c7.jpg,255,86,276,111,turn_right
C:\Users\Zhihan\keras-retinanet\data\train_select\5912e07c0d695a461216ef7643a82cd7.jpg,379,64,433,123,no_parking
C:\Users\Zhihan\keras-retinanet\data\train_select\5a7d8375ce3b2d57ad55a715662fd385.jpg,261,15,394,145,turn_left
C:\Users\Zhihan\keras-retinanet\data\train_select\5c481b3c46659ff80b3b29023b95b796.jpg,526,80,611,166,no_parking
C:\Users\Zhihan\keras-retinanet\data\train_select\5d58bfda2b9f5f70e3b7307c16142c5e.jpg,211,110,238,142,turn_right
C:\Users\Zhihan\keras-retinanet\data\train_select\6.JPG,542,247,566,271,turn_left
C:\Users\Zhihan\keras-retinanet\data\train_select\60a967e57e39a0ecc4cae965e76ac629.jpg,111,56,151,99,uturn
C:\Users\Zhihan\keras-retinanet\data\train_select\6190ba2e1af6350254115d3ed33abe6e.jpg,284,63,306,86,turn_left
C:\Users\Zhihan\keras-retinanet\data\train_select\6718851d9825950079699b5e2d496c39.jpg,470,62,566,146,no_parking
C:\Users\Zhihan\keras-retinanet\data\train_select\68254414581b4a319973641056e4318a.jpg,391,30,473,111,turn_left
C:\Users\Zhihan\keras-retinanet\data\train_select\6a971a2369a20fffb3527c12f9f82218.jpg,224,24,279,80,uturn
C:\Users\Zhihan\keras-retinanet\data\train_select\6d52393e6e9bdf297e7d08f573e7cdb9.jpg,395,23,537,123,turn_right
C:\Users\Zhihan\keras-retinanet\data\train_select\7.JPG,828,236,867,281,turn_left
C:\Users\Zhihan\keras-retinanet\data\train_select\73355d448897737edc9acefae681759a.jpg,171,95,206,128,turn_left
C:\Users\Zhihan\keras-retinanet\data\train_select\73355d448897737edc9acefae681759a.jpg,166,51,210,94,uturn
C:\Users\Zhihan\keras-retinanet\data\train_select\79e86e76945b2e5c7fab00745ced7e19.jpg,293,26,365,99,no_parking
C:\Users\Zhihan\keras-retinanet\data\train_select\7aa481e7fae25dc56b98f4a7f7e5ee90.jpg,33,83,71,127,uturn
C:\Users\Zhihan\keras-retinanet\data\train_select\7b7045d7d1d0b6d59e3fae2c3391e18b.jpg,251,34,321,114,turn_left
C:\Users\Zhihan\keras-retinanet\data\train_select\8.JPG,533,179,568,214,turn_left
C:\Users\Zhihan\keras-retinanet\data\train_select\811e6534a93e4a2a79d09bd5be84787f.jpeg,246,30,303,91,uturn
C:\Users\Zhihan\keras-retinanet\data\train_select\82b346c8200c1c191da9e5795bfea54d.jpg,95,37,134,79,uturn
C:\Users\Zhihan\keras-retinanet\data\train_select\82b346c8200c1c191da9e5795bfea54d.jpg,142,42,180,82,no_parking
C:\Users\Zhihan\keras-retinanet\data\train_select\851ba79ea19dd5337a2cf6156c9379b7.jpg,61,17,199,170,no_parking
C:\Users\Zhihan\keras-retinanet\data\train_select\9.JPG,448,183,469,205,turn_left
C:\Users\Zhihan\keras-retinanet\data\train_select\90981ea1605722953de1872f53b94f7b.jpg,331,2,400,104,turn_left
C:\Users\Zhihan\keras-retinanet\data\train_select\91deb5e22ca47b220d00b287589c9ea3.jpg,225,11,279,68,uturn
C:\Users\Zhihan\keras-retinanet\data\train_select\9598246d38e2f9f717fcc3503ce520d5.jpg,301,33,342,75,uturn
C:\Users\Zhihan\keras-retinanet\data\train_select\961f173a3a4a36585897519336d649eb.jpg,242,14,291,63,turn_left
C:\Users\Zhihan\keras-retinanet\data\train_select\961f173a3a4a36585897519336d649eb.jpg,244,64,294,113,uturn
C:\Users\Zhihan\keras-retinanet\data\train_select\9621dddcfc4476bb123eba324d2927c3.jpg,229,90,316,167,uturn
C:\Users\Zhihan\keras-retinanet\data\train_select\997e21cceb2d44157452b7887af50f74.jpg,137,69,159,91,uturn
C:\Users\Zhihan\keras-retinanet\data\train_select\99ba67cc3b272478b26851f7b8483bc2.jpg,178,13,361,249,no_parking
C:\Users\Zhihan\keras-retinanet\data\train_select\9a57d6d7558a91019306761986865c17.jpg,230,120,341,231,turn_right
C:\Users\Zhihan\keras-retinanet\data\train_select\9b4e2fd2603abd998f1f45c04cf4e2e0.jpg,14,111,220,314,turn_left
C:\Users\Zhihan\keras-retinanet\data\train_select\9c0bb3e15fc960424b60f4ba652d0936.jpg,251,44,359,182,uturn
C:\Users\Zhihan\keras-retinanet\data\train_select\9d93ff696f105580736068e04c60572f.jpg,190,59,223,92,uturn
C:\Users\Zhihan\keras-retinanet\data\train_select\9e263dd05f4cde52d4104fcbeaf2daf7.jpg,244,96,310,166,turn_left
C:\Users\Zhihan\keras-retinanet\data\train_select\9e7220f9598399b902963b5b6c32a12e.jpg,296,100,325,127,turn_right
C:\Users\Zhihan\keras-retinanet\data\train_select\QQ20180402235453.jpg,963,307,1046,402,turn_right
C:\Users\Zhihan\keras-retinanet\data\train_select\QQ20180402235502.jpg,1372,422,1465,499,turn_right
C:\Users\Zhihan\keras-retinanet\data\train_select\QQ20180402235507.jpg,938,104,1082,259,turn_right
C:\Users\Zhihan\keras-retinanet\data\train_select\QQ20180402235507.jpg,946,264,1076,401,bg_red_stop
C:\Users\Zhihan\keras-retinanet\data\train_select\QQ20180402235512.jpg,1141,255,1279,395,turn_right
C:\Users\Zhihan\keras-retinanet\data\train_select\QQ20180402235512.jpg,1155,400,1283,530,bg_red_stop
C:\Users\Zhihan\keras-retinanet\data\train_select\QQ20180402235516.jpg,1218,70,1407,244,turn_right
C:\Users\Zhihan\keras-retinanet\data\train_select\QQ20180402235516.jpg,1225,257,1395,411,bg_red_stop
C:\Users\Zhihan\keras-retinanet\data\train_select\QQ20180402235521.jpg,850,393,918,462,no_parking
C:\Users\Zhihan\keras-retinanet\data\train_select\QQ20180402235525.jpg,1322,430,1385,483,turn_right
C:\Users\Zhihan\keras-retinanet\data\train_select\QQ20180402235525.jpg,1,1,1785,921,bg_red_stop
C:\Users\Zhihan\keras-retinanet\data\train_select\QQ20180402235525.jpg,1326,485,1385,532,bg_red_stop
C:\Users\Zhihan\keras-retinanet\data\train_select\QQ20180402235532.jpg,602,409,649,454,turn_right
C:\Users\Zhihan\keras-retinanet\data\train_select\QQ20180402235532.jpg,605,456,650,499,bg_red_stop
C:\Users\Zhihan\keras-retinanet\data\train_select\QQ20180402235545.jpg,1097,382,1176,454,turn_right
C:\Users\Zhihan\keras-retinanet\data\train_select\QQ20180402235545.jpg,1103,458,1175,525,bg_red_stop
C:\Users\Zhihan\keras-retinanet\data\train_select\QQ20180402235549.jpg,1443,386,1510,462,no_parking
C:\Users\Zhihan\keras-retinanet\data\train_select\QQ20180402235549.jpg,1441,469,1508,544,bg
C:\Users\Zhihan\keras-retinanet\data\train_select\QQ20180402235554.jpg,952,380,992,420,no_parking
C:\Users\Zhihan\keras-retinanet\data\train_select\QQ20180402235554.jpg,952,424,992,464,bg
C:\Users\Zhihan\keras-retinanet\data\train_select\QQ20180402235559.jpg,605,467,677,533,turn_right
C:\Users\Zhihan\keras-retinanet\data\train_select\QQ20180402235604.jpg,472,345,594,498,turn_right
C:\Users\Zhihan\keras-retinanet\data\train_select\QQ20180402235608.jpg,760,416,822,478,turn_right
C:\Users\Zhihan\keras-retinanet\data\train_select\QQ20180402235612.jpg,217,403,326,484,turn_right
C:\Users\Zhihan\keras-retinanet\data\train_select\QQ20180402235615.jpg,110,305,290,491,turn_right
C:\Users\Zhihan\keras-retinanet\data\train_select\QQ20180402235620.jpg,1335,286,1500,472,turn_right
C:\Users\Zhihan\keras-retinanet\data\train_select\QQ20180402235624.jpg,826,326,943,478,turn_right
C:\Users\Zhihan\keras-retinanet\data\train_select\QQ20180402235627.jpg,882,571,1001,721,turn_right
C:\Users\Zhihan\keras-retinanet\data\train_select\QQ20180402235631.jpg,783,134,875,225,uturn
C:\Users\Zhihan\keras-retinanet\data\train_select\QQ20180402235635.jpg,760,340,845,423,uturn
C:\Users\Zhihan\keras-retinanet\data\train_select\QQ20180402235638.jpg,1060,342,1142,426,uturn
C:\Users\Zhihan\keras-retinanet\data\train_select\QQ20180402235642.jpg,180,312,342,418,uturn
C:\Users\Zhihan\keras-retinanet\data\train_select\QQ20180403132140.jpg,1512,395,1649,508,no_parking
C:\Users\Zhihan\keras-retinanet\data\train_select\QQ20180403132145.jpg,1020,427,1108,518,no_parking
C:\Users\Zhihan\keras-retinanet\data\train_select\QQ20180403132148.jpg,1239,447,1314,519,turn_right
C:\Users\Zhihan\keras-retinanet\data\train_select\QQ20180403132152.jpg,724,465,790,532,turn_right
C:\Users\Zhihan\keras-retinanet\data\train_select\QQ20180403132155.jpg,303,394,415,483,turn_right
C:\Users\Zhihan\keras-retinanet\data\train_select\QQ20180403132159.jpg,1329,397,1460,513,no_parking
C:\Users\Zhihan\keras-retinanet\data\train_select\QQ20180403132202.jpg,317,429,429,542,no_parking
C:\Users\Zhihan\keras-retinanet\data\train_select\QQ20180406000618.jpg,895,286,1124,509,no_parking
C:\Users\Zhihan\keras-retinanet\data\train_select\QQ20180406000618.jpg,898,31,1124,260,bg
C:\Users\Zhihan\keras-retinanet\data\train_select\QQ20180406000633.jpg,1115,424,1176,485,no_parking
C:\Users\Zhihan\keras-retinanet\data\train_select\QQ20180406000645.jpg,1023,479,1063,519,turn_left
C:\Users\Zhihan\keras-retinanet\data\train_select\a1b3fa801f378711a95d21c0997e59e3.jpg,194,16,302,120,turn_left
C:\Users\Zhihan\keras-retinanet\data\train_select\a4f0ef792645bd56a2db26906646965c.jpg,665,350,1354,1149,no_parking
C:\Users\Zhihan\keras-retinanet\data\train_select\a72f326ec315ac5cc66092f209f2169b.jpg,217,562,515,823,uturn
C:\Users\Zhihan\keras-retinanet\data\train_select\a72f326ec315ac5cc66092f209f2169b.jpg,236,379,479,562,no_parking
C:\Users\Zhihan\keras-retinanet\data\train_select\a72f326ec315ac5cc66092f209f2169b.jpg,259,244,469,383,bg
C:\Users\Zhihan\keras-retinanet\data\train_select\a879d9a9105026147bfce30a669fc58f.jpg,251,31,319,89,turn_right
C:\Users\Zhihan\keras-retinanet\data\train_select\a90958344e9b3d6e6df8b7202af9740a.jpg,289,369,351,435,no_parking
C:\Users\Zhihan\keras-retinanet\data\train_select\a90958344e9b3d6e6df8b7202af9740a.jpg,155,15,219,80,bg
C:\Users\Zhihan\keras-retinanet\data\train_select\a90958344e9b3d6e6df8b7202af9740a.jpg,294,286,346,340,bg
C:\Users\Zhihan\keras-retinanet\data\train_select\a94e01fbbe1f756627198d2e74901fd1.jpg,205,80,294,169,uturn
C:\Users\Zhihan\keras-retinanet\data\train_select\ac1e596421e3d7aad9d550fd693d92e0.jpg,302,13,365,77,uturn
C:\Users\Zhihan\keras-retinanet\data\train_select\ad80d24d259c33bf799449bb9f04190c.jpg,331,148,428,244,no_parking
C:\Users\Zhihan\keras-retinanet\data\train_select\ad80d24d259c33bf799449bb9f04190c.jpg,331,49,423,142,bg
C:\Users\Zhihan\keras-retinanet\data\train_select\aef992e8e3a58aaebee60542e08ba11a.jpg,270,78,309,117,turn_left
C:\Users\Zhihan\keras-retinanet\data\train_select\ap.JPG,367,213,416,265,turn_left
C:\Users\Zhihan\keras-retinanet\data\train_select\ap.JPG,363,156,414,210,no_parking
C:\Users\Zhihan\keras-retinanet\data\train_select\b.JPG,530,125,567,161,turn_left
C:\Users\Zhihan\keras-retinanet\data\train_select\b48c4dcd79c3d2b842db3fae11a61cac.jpg,145,209,233,295,uturn
C:\Users\Zhihan\keras-retinanet\data\train_select\b6ab90f795397cff9db3626f554a9540.jpg,189,789,413,1024,uturn
C:\Users\Zhihan\keras-retinanet\data\train_select\ba000e6cdaddf274bee3d3d253c590f6.jpg,338,424,536,605,uturn
C:\Users\Zhihan\keras-retinanet\data\train_select\bh.JPG,1010,311,1095,387,no_parking
C:\Users\Zhihan\keras-retinanet\data\train_select\bha.JPG,627,184,669,223,no_parking
C:\Users\Zhihan\keras-retinanet\data\train_select\bha.JPG,629,141,670,181,bg
C:\Users\Zhihan\keras-retinanet\data\train_select\c1f0a2e8d5a3cc55bcddfc0c6c15b48d.jpg,203,55,293,147,uturn
C:\Users\Zhihan\keras-retinanet\data\train_select\cacce4d86cd312b92aef1a27b3479c9d.jpg,327,52,463,211,no_parking
C:\Users\Zhihan\keras-retinanet\data\train_select\cbbfaf5e800dff2b0cd4d23157508e72.jpg,230,120,341,231,turn_right
C:\Users\Zhihan\keras-retinanet\data\train_select\cc8dacf2b5f41e1a255be860784391b1.jpeg,176,37,236,115,uturn
C:\Users\Zhihan\keras-retinanet\data\train_select\d40fc1d0806453ca794ae7aa8a9e4cf5.jpg,295,102,401,213,no_parking
C:\Users\Zhihan\keras-retinanet\data\train_select\d58beaacfa50266409abad24147ceb9a.jpg,24,101,66,144,no_parking
C:\Users\Zhihan\keras-retinanet\data\train_select\d58beaacfa50266409abad24147ceb9a.jpg,380,52,421,94,no_parking
C:\Users\Zhihan\keras-retinanet\data\train_select\d58beaacfa50266409abad24147ceb9a.jpg,24,41,66,85,bg
C:\Users\Zhihan\keras-retinanet\data\train_select\d58beaacfa50266409abad24147ceb9a.jpg,337,52,378,94,bg
C:\Users\Zhihan\keras-retinanet\data\train_select\d58beaacfa50266409abad24147ceb9a.jpg,422,52,462,94,bg
C:\Users\Zhihan\keras-retinanet\data\train_select\d8764ec55cac4343bfe3ee5fdb281b79.jpg,159,28,208,101,no_parking
C:\Users\Zhihan\keras-retinanet\data\train_select\d8764ec55cac4343bfe3ee5fdb281b79.jpg,97,21,154,97,bg
C:\Users\Zhihan\keras-retinanet\data\train_select\d8764ec55cac4343bfe3ee5fdb281b79.jpg,97,100,153,176,bg
C:\Users\Zhihan\keras-retinanet\data\train_select\dc6d94100a19ce94c8188346f5ae71cb.jpg,99,54,240,191,uturn
C:\Users\Zhihan\keras-retinanet\data\train_select\e02c1e7fdd72dfbe90e857b74b46da70.jpg,217,26,375,188,no_parking
C:\Users\Zhihan\keras-retinanet\data\train_select\e072c8cdae4cac54a115dabc572e49d2.jpg,75,11,110,51,uturn
C:\Users\Zhihan\keras-retinanet\data\train_select\e072c8cdae4cac54a115dabc572e49d2.jpg,339,78,378,119,uturn
C:\Users\Zhihan\keras-retinanet\data\train_select\e5c03460972dec5f12ab0fb1fe71e90d.jpeg,247,79,394,216,turn_right
C:\Users\Zhihan\keras-retinanet\data\train_select\e846b1b7f548812e3e3ee13d8fbbfa91.jpg,360,90,404,134,uturn
C:\Users\Zhihan\keras-retinanet\data\train_select\e846b1b7f548812e3e3ee13d8fbbfa91.jpg,455,87,500,132,no_parking
C:\Users\Zhihan\keras-retinanet\data\train_select\e846b1b7f548812e3e3ee13d8fbbfa91.jpg,314,91,357,135,bg
C:\Users\Zhihan\keras-retinanet\data\train_select\e846b1b7f548812e3e3ee13d8fbbfa91.jpg,407,88,450,134,bg
C:\Users\Zhihan\keras-retinanet\data\train_select\e8ca15f8946673af043cd93c5485016c.jpg,32,57,143,186,turn_right
C:\Users\Zhihan\keras-retinanet\data\train_select\ee1dbf12fedc59aca459da275a89fee0.jpg,382,61,420,98,no_parking
C:\Users\Zhihan\keras-retinanet\data\train_select\ee1dbf12fedc59aca459da275a89fee0.jpg,340,61,377,98,bg
C:\Users\Zhihan\keras-retinanet\data\train_select\f3830d0c9b2746031c9e7719ec129e8e.jpg,297,116,366,196,turn_right
C:\Users\Zhihan\keras-retinanet\data\train_select\f3830d0c9b2746031c9e7719ec129e8e.jpg,65,34,105,98,bg
C:\Users\Zhihan\keras-retinanet\data\train_select\f3bdb06499695602e19338a999886559.jpg,383,56,459,129,turn_left
C:\Users\Zhihan\keras-retinanet\data\train_select\f524df16dc021e1bbd6c48834ac06943.jpg,154,134,245,225,no_parking
C:\Users\Zhihan\keras-retinanet\data\train_select\f7e383e56fddf45dbabb8bc383c02c95.jpg,316,60,434,173,turn_right
C:\Users\Zhihan\keras-retinanet\data\train_select\f8705954e60e25b53633916476ba8999.jpg,323,37,525,227,turn_left
C:\Users\Zhihan\keras-retinanet\data\train_select\f8ea5ba4f0a8de504ecc1da54764cf32.jpg,300,3,379,83,turn_right
C:\Users\Zhihan\keras-retinanet\data\train_select\ffb5cfebdb7702d89cbd90234842d6e8.jpg,376,42,451,119,no_parking
C:\Users\Zhihan\keras-retinanet\data\train_select\l1 (2).JPG,1090,418,1143,472,turn_left
C:\Users\Zhihan\keras-retinanet\data\train_select\l1.JPG,1310,338,1481,495,turn_left
C:\Users\Zhihan\keras-retinanet\data\train_select\l10.jpeg,634,332,678,374,turn_left
C:\Users\Zhihan\keras-retinanet\data\train_select\l12.jpg,1512,387,1568,427,turn_left
C:\Users\Zhihan\keras-retinanet\data\train_select\l13.jpg,647,337,680,367,turn_left
C:\Users\Zhihan\keras-retinanet\data\train_select\l16.jpg,760,340,860,442,turn_left
C:\Users\Zhihan\keras-retinanet\data\train_select\l2 (2).JPG,1442,249,1554,419,turn_left
C:\Users\Zhihan\keras-retinanet\data\train_select\l2.JPG,1084,375,1158,447,turn_left
C:\Users\Zhihan\keras-retinanet\data\train_select\l3.jpg,1413,343,1511,426,turn_left
C:\Users\Zhihan\keras-retinanet\data\train_select\l5.jpg,1274,218,1398,334,turn_left
C:\Users\Zhihan\keras-retinanet\data\train_select\l7.jpg,1290,375,1405,483,turn_left
C:\Users\Zhihan\keras-retinanet\data\train_select\l8.jpg,1848,336,2042,479,turn_left
C:\Users\Zhihan\keras-retinanet\data\train_select\l9.jpg,1410,357,1534,467,turn_left
C:\Users\Zhihan\keras-retinanet\data\train_select\np12.jpg,1175,320,1256,406,no_parking
C:\Users\Zhihan\keras-retinanet\data\train_select\np2.jpg,893,423,943,471,no_parking
C:\Users\Zhihan\keras-retinanet\data\train_select\np3.jpg,1423,264,1502,328,no_parking
C:\Users\Zhihan\keras-retinanet\data\train_select\np4.jpg,1375,434,1441,497,no_parking
C:\Users\Zhihan\keras-retinanet\data\train_select\np5.jpg,1757,200,1867,286,no_parking
C:\Users\Zhihan\keras-retinanet\data\train_select\np6.jpg,1280,386,1336,437,no_parking
C:\Users\Zhihan\keras-retinanet\data\train_select\np7.jpg,1448,356,1581,468,no_parking
C:\Users\Zhihan\keras-retinanet\data\train_select\np8.jpg,1711,20,1874,166,no_parking
C:\Users\Zhihan\keras-retinanet\data\train_select\npp3.jpg,1040,408,1110,478,no_parking
C:\Users\Zhihan\keras-retinanet\data\train_select\npp4.jpg,1507,351,1616,438,no_parking
C:\Users\Zhihan\keras-retinanet\data\train_select\p1.jpg,513,328,580,390,no_parking
C:\Users\Zhihan\keras-retinanet\data\train_select\p10.jpg,969,324,1018,373,no_parking
C:\Users\Zhihan\keras-retinanet\data\train_select\p11.jpg,1010,449,1061,497,no_parking
C:\Users\Zhihan\keras-retinanet\data\train_select\p2.jpg,1398,241,1497,318,no_parking
C:\Users\Zhihan\keras-retinanet\data\train_select\p3.jpg,1136,491,1207,555,no_parking
C:\Users\Zhihan\keras-retinanet\data\train_select\p4.jpg,1163,151,1246,232,no_parking
C:\Users\Zhihan\keras-retinanet\data\train_select\p5.jpg,1075,319,1143,384,no_parking
C:\Users\Zhihan\keras-retinanet\data\train_select\p6.jpg,240,212,337,293,no_parking
C:\Users\Zhihan\keras-retinanet\data\train_select\p7.jpg,1330,238,1408,372,no_parking
C:\Users\Zhihan\keras-retinanet\data\train_select\p8.jpg,1422,362,1546,477,no_parking
C:\Users\Zhihan\keras-retinanet\data\train_select\p9.jpg,1009,508,1096,608,no_parking
C:\Users\Zhihan\keras-retinanet\data\train_select\pa.JPG,979,275,1062,343,no_parking
C:\Users\Zhihan\keras-retinanet\data\train_select\pa.JPG,976,202,1059,269,bg
C:\Users\Zhihan\keras-retinanet\data\train_select\pa2.JPG,472,286,518,336,no_parking
C:\Users\Zhihan\keras-retinanet\data\train_select\pa2.JPG,470,232,517,281,bg
C:\Users\Zhihan\keras-retinanet\data\train_select\pa3.JPG,112,203,194,271,no_parking
C:\Users\Zhihan\keras-retinanet\data\train_select\pa3.JPG,104,127,187,198,bg
C:\Users\Zhihan\keras-retinanet\data\train_select\paaa.JPG,881,290,943,346,turn_left
C:\Users\Zhihan\keras-retinanet\data\train_select\paaa.JPG,880,229,941,288,no_parking
C:\Users\Zhihan\keras-retinanet\data\train_select\paaaa2.JPG,640,211,717,285,no_parking
C:\Users\Zhihan\keras-retinanet\data\train_select\paaaa2.JPG,641,135,717,207,bg
C:\Users\Zhihan\keras-retinanet\data\train_select\park.JPG,664,243,700,271,no_parking
C:\Users\Zhihan\keras-retinanet\data\train_select\park.JPG,664,214,699,241,bg
C:\Users\Zhihan\keras-retinanet\data\train_select\parking.JPG,561,233,631,306,no_parking
C:\Users\Zhihan\keras-retinanet\data\train_select\parking2.JPG,830,257,930,345,no_parking
C:\Users\Zhihan\keras-retinanet\data\train_select\parking3.JPG,751,144,810,197,no_parking
C:\Users\Zhihan\keras-retinanet\data\train_select\parking3.JPG,751,201,811,254,bg
C:\Users\Zhihan\keras-retinanet\data\train_select\parrking.JPG,648,274,705,325,no_parking
C:\Users\Zhihan\keras-retinanet\data\train_select\parrking3.JPG,706,176,788,262,no_parking
C:\Users\Zhihan\keras-retinanet\data\train_select\pp.jpg,274,59,372,183,no_parking
C:\Users\Zhihan\keras-retinanet\data\train_select\pp.jpg,404,583,481,660,no_parking
C:\Users\Zhihan\keras-retinanet\data\train_select\pp.jpg,150,14,265,145,bg
C:\Users\Zhihan\keras-retinanet\data\train_select\pp.jpg,572,461,641,569,bg
C:\Users\Zhihan\keras-retinanet\data\train_select\pp.jpg,379,107,466,219,bg_blue_arrow
C:\Users\Zhihan\keras-retinanet\data\train_select\pp.jpg,662,347,716,443,bg_blue_arrow
C:\Users\Zhihan\keras-retinanet\data\train_select\pp.jpg,721,369,765,462,bg_blue_arrow
C:\Users\Zhihan\keras-retinanet\data\train_select\pp1.jpg,1029,195,1086,254,no_parking
C:\Users\Zhihan\keras-retinanet\data\train_select\pp1.jpg,1139,432,1183,472,no_parking
C:\Users\Zhihan\keras-retinanet\data\train_select\pp1.jpg,965,191,1023,254,bg
C:\Users\Zhihan\keras-retinanet\data\train_select\pp1.jpg,1202,371,1254,428,bg
C:\Users\Zhihan\keras-retinanet\data\train_select\pp1.jpg,1091,200,1147,257,bg_blue_arrow
C:\Users\Zhihan\keras-retinanet\data\train_select\pp1.jpg,1288,294,1334,349,bg_blue_arrow
C:\Users\Zhihan\keras-retinanet\data\train_select\pp1.jpg,1339,298,1386,355,bg_blue_arrow
C:\Users\Zhihan\keras-retinanet\data\train_select\pp10.jpg,1489,398,1552,471,no_parking
C:\Users\Zhihan\keras-retinanet\data\train_select\pp14.jpg,906,385,966,447,no_parking
C:\Users\Zhihan\keras-retinanet\data\train_select\pp15.jpg,1472,264,1641,432,no_parking
C:\Users\Zhihan\keras-retinanet\data\train_select\pp2.jpg,1440,161,1518,233,no_parking
C:\Users\Zhihan\keras-retinanet\data\train_select\pp2.jpg,1599,436,1667,488,no_parking
C:\Users\Zhihan\keras-retinanet\data\train_select\pp2.jpg,1355,168,1431,239,bg
C:\Users\Zhihan\keras-retinanet\data\train_select\pp2.jpg,1701,353,1771,427,bg
C:\Users\Zhihan\keras-retinanet\data\train_select\pp2.jpg,1527,152,1607,226,bg_blue_arrow
C:\Users\Zhihan\keras-retinanet\data\train_select\pp3.jpg,591,173,650,229,no_parking
C:\Users\Zhihan\keras-retinanet\data\train_select\pp3.jpg,568,308,596,338,bg
C:\Users\Zhihan\keras-retinanet\data\train_select\pp3.jpg,602,307,631,337,bg
C:\Users\Zhihan\keras-retinanet\data\train_select\pp3.jpg,708,173,767,228,bg_blue_arrow
C:\Users\Zhihan\keras-retinanet\data\train_select\pp3.jpg,946,245,1010,303,bg_blue_arrow
C:\Users\Zhihan\keras-retinanet\data\train_select\pp3.jpg,1016,245,1079,303,bg_blue_arrow
C:\Users\Zhihan\keras-retinanet\data\train_select\pp4.jpg,834,385,871,427,no_parking
C:\Users\Zhihan\keras-retinanet\data\train_select\pp4.jpg,832,339,870,382,bg
C:\Users\Zhihan\keras-retinanet\data\train_select\pp5.jpg,1031,208,1138,319,no_parking
C:\Users\Zhihan\keras-retinanet\data\train_select\pp5.jpg,1033,85,1142,197,bg
C:\Users\Zhihan\keras-retinanet\data\train_select\pp6.jpg,1088,135,1196,250,no_parking
C:\Users\Zhihan\keras-retinanet\data\train_select\pp6.jpg,1093,5,1203,125,bg
C:\Users\Zhihan\keras-retinanet\data\train_select\pp7.jpg,1344,162,1495,291,no_parking
C:\Users\Zhihan\keras-retinanet\data\train_select\pp7.jpg,1354,12,1508,150,bg
C:\Users\Zhihan\keras-retinanet\data\train_select\pp8.jpg,911,395,953,438,no_parking
C:\Users\Zhihan\keras-retinanet\data\train_select\pp9.jpg,1048,417,1087,475,no_parking
C:\Users\Zhihan\keras-retinanet\data\train_select\r1.jpg,1144,269,1259,383,turn_right
C:\Users\Zhihan\keras-retinanet\data\train_select\r2.jpg,723,367,761,405,turn_right
C:\Users\Zhihan\keras-retinanet\data\train_select\r3.jpg,1518,235,1700,381,turn_right
C:\Users\Zhihan\keras-retinanet\data\train_select\r4.jpg,894,480,988,580,turn_right
C:\Users\Zhihan\keras-retinanet\data\train_select\r5.jpg,902,375,1004,480,turn_right
C:\Users\Zhihan\keras-retinanet\data\train_select\r6.jpg,1,1,1519,875,turn_right
C:\Users\Zhihan\keras-retinanet\data\train_select\r6.jpg,862,488,902,524,turn_right
C:\Users\Zhihan\keras-retinanet\data\train_select\timg-10.jpg,249,1,338,106,uturn
C:\Users\Zhihan\keras-retinanet\data\train_select\timg-11.jpg,307,143,359,196,uturn
C:\Users\Zhihan\keras-retinanet\data\train_select\timg-12.jpg,185,65,259,141,turn_left
C:\Users\Zhihan\keras-retinanet\data\train_select\timg-12.jpg,189,145,262,219,uturn
C:\Users\Zhihan\keras-retinanet\data\train_select\timg-13.jpg,379,244,759,564,turn_right
C:\Users\Zhihan\keras-retinanet\data\train_select\timg-14.jpg,228,265,537,552,turn_right
C:\Users\Zhihan\keras-retinanet\data\train_select\timg-15.jpg,726,185,889,381,turn_right
C:\Users\Zhihan\keras-retinanet\data\train_select\timg-16.jpg,562,167,707,309,turn_right
C:\Users\Zhihan\keras-retinanet\data\train_select\timg-17.jpg,124,80,272,215,turn_right
C:\Users\Zhihan\keras-retinanet\data\train_select\timg-18.jpg,323,82,369,129,turn_right
C:\Users\Zhihan\keras-retinanet\data\train_select\timg-18.jpg,422,97,451,126,bg
C:\Users\Zhihan\keras-retinanet\data\train_select\timg-19.jpg,452,49,556,154,turn_right
C:\Users\Zhihan\keras-retinanet\data\train_select\timg-2.jpg,435,87,510,157,turn_right
C:\Users\Zhihan\keras-retinanet\data\train_select\timg-20.jpg,530,377,728,576,turn_left
C:\Users\Zhihan\keras-retinanet\data\train_select\timg-21.jpg,297,116,366,196,turn_right
C:\Users\Zhihan\keras-retinanet\data\train_select\timg-21.jpg,64,34,106,98,bg
C:\Users\Zhihan\keras-retinanet\data\train_select\timg-22.jpg,226,51,271,95,turn_right
C:\Users\Zhihan\keras-retinanet\data\train_select\timg-23.jpg,273,70,354,145,turn_right
C:\Users\Zhihan\keras-retinanet\data\train_select\timg-3.jpg,61,116,154,183,uturn
C:\Users\Zhihan\keras-retinanet\data\train_select\timg-3.jpg,345,545,525,740,uturn
C:\Users\Zhihan\keras-retinanet\data\train_select\timg-4.jpg,319,65,420,168,turn_left
C:\Users\Zhihan\keras-retinanet\data\train_select\timg-4.jpg,317,174,421,277,uturn
C:\Users\Zhihan\keras-retinanet\data\train_select\timg-5.jpg,64,39,221,192,uturn
C:\Users\Zhihan\keras-retinanet\data\train_select\timg-6.jpg,218,55,285,141,turn_left
C:\Users\Zhihan\keras-retinanet\data\train_select\timg-7.jpg,251,53,407,207,uturn
C:\Users\Zhihan\keras-retinanet\data\train_select\timg-8.jpg,300,95,341,138,no_parking
C:\Users\Zhihan\keras-retinanet\data\train_select\timg-8.jpg,300,49,341,93,bg
C:\Users\Zhihan\keras-retinanet\data\train_select\timg.jpg,248,23,387,162,turn_left
C:\Users\Zhihan\keras-retinanet\data\train_select\timg3.jpg,382,57,459,129,turn_left
C:\Users\Zhihan\keras-retinanet\data\train_select\timg4.jpg,111,56,151,99,uturn
C:\Users\Zhihan\keras-retinanet\data\train_select\tl.jpg,1044,421,1109,491,turn_left
C:\Users\Zhihan\keras-retinanet\data\train_select\tl.jpg,1049,495,1109,562,bg_red_stop
C:\Users\Zhihan\keras-retinanet\data\train_select\tl10.jpg,1206,254,1316,345,turn_left
C:\Users\Zhihan\keras-retinanet\data\train_select\tl11.jpg,1355,219,1515,322,turn_left
C:\Users\Zhihan\keras-retinanet\data\train_select\tl12.jpg,1309,263,1468,429,turn_left
C:\Users\Zhihan\keras-retinanet\data\train_select\tl13.jpg,800,159,873,226,turn_left
C:\Users\Zhihan\keras-retinanet\data\train_select\tl13.jpg,1026,461,1104,539,turn_right
C:\Users\Zhihan\keras-retinanet\data\train_select\tl14.jpg,681,333,752,397,turn_left
C:\Users\Zhihan\keras-retinanet\data\train_select\tl14.jpg,892,629,970,707,turn_right
C:\Users\Zhihan\keras-retinanet\data\train_select\tl15.jpg,1367,257,1566,431,turn_left
C:\Users\Zhihan\keras-retinanet\data\train_select\tl15.jpg,926,310,966,381,bg
C:\Users\Zhihan\keras-retinanet\data\train_select\tl15.jpg,927,382,968,451,bg
C:\Users\Zhihan\keras-retinanet\data\train_select\tl16.jpg,648,257,780,384,turn_left
C:\Users\Zhihan\keras-retinanet\data\train_select\tl16.jpg,366,262,427,325,bg
C:\Users\Zhihan\keras-retinanet\data\train_select\tl16.jpg,372,326,432,388,bg
C:\Users\Zhihan\keras-retinanet\data\train_select\tl18.jpg,1079,292,1127,340,turn_left
C:\Users\Zhihan\keras-retinanet\data\train_select\tl19.jpg,1409,355,1474,412,turn_left
C:\Users\Zhihan\keras-retinanet\data\train_select\tl2.jpg,1506,530,1607,619,turn_left
C:\Users\Zhihan\keras-retinanet\data\train_select\tl2.jpg,1524,622,1621,706,bg_red_stop
C:\Users\Zhihan\keras-retinanet\data\train_select\tl3.jpg,483,377,549,447,turn_left
C:\Users\Zhihan\keras-retinanet\data\train_select\tl3.jpg,491,451,550,517,bg_red_stop
C:\Users\Zhihan\keras-retinanet\data\train_select\tl4.jpg,338,433,388,475,turn_left
C:\Users\Zhihan\keras-retinanet\data\train_select\tl5.jpg,414,417,479,494,turn_left
C:\Users\Zhihan\keras-retinanet\data\train_select\tl9.jpg,1019,213,1069,262,turn_left
C:\Users\Zhihan\keras-retinanet\data\train_select\tll.JPG,699,212,761,266,turn_left
C:\Users\Zhihan\keras-retinanet\data\train_select\tll1.JPG,610,189,652,226,turn_right
C:\Users\Zhihan\keras-retinanet\data\train_select\tll2.JPG,377,197,411,231,turn_right
C:\Users\Zhihan\keras-retinanet\data\train_select\tll3.JPG,118,108,178,156,turn_right
C:\Users\Zhihan\keras-retinanet\data\train_select\tll4.JPG,975,137,1053,189,turn_right
C:\Users\Zhihan\keras-retinanet\data\train_select\tll5.JPG,609,82,723,185,turn_right
C:\Users\Zhihan\keras-retinanet\data\train_select\tlp.JPG,103,171,168,228,turn_left
C:\Users\Zhihan\keras-retinanet\data\train_select\tlp.JPG,311,250,350,284,no_parking
C:\Users\Zhihan\keras-retinanet\data\train_select\tlp.JPG,312,208,350,241,bg
C:\Users\Zhihan\keras-retinanet\data\train_select\tlp2.JPG,236,194,286,244,turn_left
C:\Users\Zhihan\keras-retinanet\data\train_select\tlp2.JPG,401,261,435,290,no_parking
C:\Users\Zhihan\keras-retinanet\data\train_select\tlp2.JPG,401,222,434,253,bg
C:\Users\Zhihan\keras-retinanet\data\train_select\tlut.JPG,505,84,528,112,turn_left
C:\Users\Zhihan\keras-retinanet\data\train_select\tlut.JPG,504,113,528,140,uturn
C:\Users\Zhihan\keras-retinanet\data\train_select\tlut2.JPG,412,177,443,206,turn_left
C:\Users\Zhihan\keras-retinanet\data\train_select\tlut2.JPG,412,208,443,239,uturn
C:\Users\Zhihan\keras-retinanet\data\train_select\tlut3.JPG,648,160,684,192,turn_left
C:\Users\Zhihan\keras-retinanet\data\train_select\tlut3.JPG,647,193,683,226,uturn
C:\Users\Zhihan\keras-retinanet\data\train_select\tr10.jpg,669,136,741,204,turn_left
C:\Users\Zhihan\keras-retinanet\data\train_select\tr10.jpg,894,439,973,517,turn_right
C:\Users\Zhihan\keras-retinanet\data\train_select\tr8.jpg,1034,121,1134,218,turn_right
C:\Users\Zhihan\keras-retinanet\data\train_select\tr9.jpg,579,306,649,370,turn_left
C:\Users\Zhihan\keras-retinanet\data\train_select\tr9.jpg,792,601,867,679,turn_right
C:\Users\Zhihan\keras-retinanet\data\train_select\trr.JPG,650,224,698,268,turn_right
C:\Users\Zhihan\keras-retinanet\data\train_select\trr1.JPG,343,267,389,311,turn_right
C:\Users\Zhihan\keras-retinanet\data\train_select\trr2.JPG,868,154,969,249,turn_right
C:\Users\Zhihan\keras-retinanet\data\train_select\trr3.JPG,563,182,637,267,turn_right
C:\Users\Zhihan\keras-retinanet\data\train_select\trrr.JPG,612,180,671,237,turn_right
C:\Users\Zhihan\keras-retinanet\data\train_select\trrr2.JPG,736,192,815,258,turn_right
C:\Users\Zhihan\keras-retinanet\data\train_select\trrr3.JPG,223,207,298,271,turn_right
C:\Users\Zhihan\keras-retinanet\data\train_select\trrr4.JPG,264,184,322,241,turn_right
C:\Users\Zhihan\keras-retinanet\data\train_select\ttl.jpg,590,354,669,424,turn_left
C:\Users\Zhihan\keras-retinanet\data\train_select\ttl1.jpg,1211,123,1313,212,turn_left
C:\Users\Zhihan\keras-retinanet\data\train_select\ttl2.jpg,647,83,729,165,turn_left
C:\Users\Zhihan\keras-retinanet\data\train_select\ttl3.jpg,711,287,756,331,turn_left
C:\Users\Zhihan\keras-retinanet\data\train_select\ttr.jpg,1570,368,1641,427,turn_right
C:\Users\Zhihan\keras-retinanet\data\train_select\ttr1.jpg,1620,286,1685,334,turn_right
C:\Users\Zhihan\keras-retinanet\data\train_select\ttr2.JPG,706,113,886,260,turn_right
C:\Users\Zhihan\keras-retinanet\data\train_select\ttr3.jpg,869,440,917,488,turn_right
C:\Users\Zhihan\keras-retinanet\data\train_select\ttr4.jpg,814,114,881,168,turn_right
C:\Users\Zhihan\keras-retinanet\data\train_select\ttrr4.JPG,852,58,985,175,turn_right
C:\Users\Zhihan\keras-retinanet\data\train_select\tttl.JPG,672,144,703,177,turn_left
C:\Users\Zhihan\keras-retinanet\data\train_select\tttr.JPG,952,171,1107,306,turn_right
C:\Users\Zhihan\keras-retinanet\data\train_select\tttr1.JPG,736,134,847,253,turn_right
C:\Users\Zhihan\keras-retinanet\data\train_select\tttr10.JPG,905,196,950,234,turn_right
C:\Users\Zhihan\keras-retinanet\data\train_select\tttr7.JPG,521,272,552,304,turn_right
C:\Users\Zhihan\keras-retinanet\data\train_select\tttr8.JPG,744,181,832,267,turn_right
C:\Users\Zhihan\keras-retinanet\data\train_select\tttr9.JPG,625,245,700,325,turn_right
C:\Users\Zhihan\keras-retinanet\data\train_select\turn_left2.JPG,588,58,647,117,turn_left
C:\Users\Zhihan\keras-retinanet\data\train_select\turn_left3.JPG,435,188,465,218,turn_left
C:\Users\Zhihan\keras-retinanet\data\train_select\u.JPG,1303,280,1546,476,uturn
C:\Users\Zhihan\keras-retinanet\data\train_select\u1.JPG,213,241,253,274,uturn
C:\Users\Zhihan\keras-retinanet\data\train_select\u2.JPG,577,110,623,157,uturn
C:\Users\Zhihan\keras-retinanet\data\train_select\u3.JPG,647,157,683,191,uturn
C:\Users\Zhihan\keras-retinanet\data\train_select\u3.JPG,931,103,1027,185,bg
C:\Users\Zhihan\keras-retinanet\data\train_select\u7.JPG,621,195,691,285,uturn
C:\Users\Zhihan\keras-retinanet\data\train_select\u8.JPG,1025,190,1130,297,uturn
C:\Users\Zhihan\keras-retinanet\data\train_select\u=12172520363684701069&fm=27&gp=0.jpg,172,135,267,226,uturn
C:\Users\Zhihan\keras-retinanet\data\train_select\u=1623999911204138537&fm=27&gp=0.jpg,195,91,324,211,no_parking
C:\Users\Zhihan\keras-retinanet\data\train_select\u=17416979041540135747&fm=11&gp=0.jpg,313,19,441,142,turn_left
C:\Users\Zhihan\keras-retinanet\data\train_select\u=18598142773183921145&fm=27&gp=0.jpg,367,79,439,154,turn_right
C:\Users\Zhihan\keras-retinanet\data\train_select\u=2265359596615903832&fm=27&gp=0.jpg,23,113,67,159,turn_right
C:\Users\Zhihan\keras-retinanet\data\train_select\u=26078956332971523130&fm=27&gp=0.jpg,287,82,399,191,no_parking
C:\Users\Zhihan\keras-retinanet\data\train_select\u=34775398573540481122&fm=27&gp=0.jpg,105,52,158,112,uturn
C:\Users\Zhihan\keras-retinanet\data\train_select\u=38701306241029839710&fm=27&gp=0.jpg,251,153,419,327,turn_right
C:\Users\Zhihan\keras-retinanet\data\train_select\u=38701306241029839710&fm=27&gp=0.jpg,57,149,229,325,bg
C:\Users\Zhihan\keras-retinanet\data\train_select\ut.jpg,501,434,549,483,uturn
C:\Users\Zhihan\keras-retinanet\data\train_select\ut1.jpg,503,353,540,386,uturn
C:\Users\Zhihan\keras-retinanet\data\train_select\ut2.jpg,192,403,245,443,uturn
C:\Users\Zhihan\keras-retinanet\data\train_select\ut3.jpg,62,332,150,401,uturn
C:\Users\Zhihan\keras-retinanet\data\train_select\ut4.jpg,572,464,608,498,uturn
C:\Users\Zhihan\keras-retinanet\data\train_select\ut5.jpg,306,478,423,584,uturn
C:\Users\Zhihan\keras-retinanet\data\train_select\ut6.jpg,830,430,911,518,uturn
C:\Users\Zhihan\keras-retinanet\data\train_select\ut7.jpg,1505,409,1643,523,uturn
C:\Users\Zhihan\keras-retinanet\data\train_select\utt.jpg,705,265,754,314,uturn
C:\Users\Zhihan\keras-retinanet\data\train_select\utt1.JPG,604,271,632,297,uturn
C:\Users\Zhihan\keras-retinanet\data\train_select\utt2.JPG,721,246,793,320,uturn
C:\Users\Zhihan\keras-retinanet\data\train_select\utt4.JPG,388,254,428,310,uturn
C:\Users\Zhihan\keras-retinanet\data\train_select\utt5.JPG,304,229,329,255,uturn
C:\Users\Zhihan\keras-retinanet\data\train_select\utt6.JPG,610,201,642,230,uturn
C:\Users\Zhihan\keras-retinanet\data\train_select\utt7.JPG,799,232,849,269,uturn
C:\Users\Zhihan\keras-retinanet\data\train_select\uttl.JPG,790,167,831,206,turn_left
C:\Users\Zhihan\keras-retinanet\data\train_select\uttl.JPG,789,208,831,248,uturn
C:\Users\Zhihan\keras-retinanet\data\train_select\uttl.JPG,34,270,73,302,bg
C:\Users\Zhihan\keras-retinanet\data\train_select\uttl2.JPG,584,136,609,167,turn_left
C:\Users\Zhihan\keras-retinanet\data\train_select\uttl2.JPG,583,169,608,200,uturn
C:\Users\Zhihan\keras-retinanet\data\train_select\uttl3.JPG,159,168,187,196,turn_left
C:\Users\Zhihan\keras-retinanet\data\train_select\uttl3.JPG,160,197,187,225,uturn
C:\Users\Zhihan\keras-retinanet\data\train_select\uttl4.JPG,432,211,455,235,turn_left
C:\Users\Zhihan\keras-retinanet\data\train_select\uttl4.JPG,432,237,456,261,uturn
C:\Users\Zhihan\keras-retinanet\data\train_select\uttttt.JPG,194,167,228,205,uturn
C:\Users\Zhihan\keras-retinanet\data\train_select\uu2.JPG,748,222,853,325,uturn
C:\Users\Zhihan\keras-retinanet\data\train_select\uu3.JPG,97,142,275,280,uturn
C:\Users\Zhihan\keras-retinanet\data\train_select\uu4.JPG,489,300,527,339,uturn
C:\Users\Zhihan\keras-retinanet\data\train_select\uu5.JPG,159,262,226,314,uturn
C:\Users\Zhihan\keras-retinanet\data\train_select\uu54.JPG,846,260,897,307,uturn
C:\Users\Zhihan\keras-retinanet\data\train_select\uu6.JPG,132,155,295,300,uturn
C:\Users\Zhihan\keras-retinanet\data\train_select\uu7.JPG,535,232,632,343,uturn
C:\Users\Zhihan\keras-retinanet\data\train_select\uuu.JPG,551,172,593,215,uturn
C:\Users\Zhihan\keras-retinanet\data\train_select\uuu.JPG,833,144,907,226,bg
C:\Users\Zhihan\keras-retinanet\data\train_select\uuu1.JPG,816,180,871,229,bg
C:\Users\Zhihan\keras-retinanet\data\train_select\uuu2.JPG,177,185,245,239,uturn
C:\Users\Zhihan\keras-retinanet\data\train_select\uuu2.JPG,525,205,588,281,bg
C:\Users\Zhihan\keras-retinanet\data\train_select\uuu3.JPG,720,335,796,409,uturn
C:\Users\Zhihan\keras-retinanet\data\train_select\uuut.JPG,377,216,400,245,uturn
C:\Users\Zhihan\keras-retinanet\data\train_select\uuuuut.JPG,84,141,133,187,uturn
